taxi_id,start_location
353,"['116.41941', '39.90348']"
1117,"['116.41922', '39.90348']"
2156,"['116.42081', '39.90335']"